index,Rating
0,5
1,4
2,5
3,4
4,4
5,5
6,4
7,5
8,4
9,5
10,4
11,4
12,4
13,4
14,5
15,4
16,1
17,5
18,3
19,4
20,1
21,4
22,3
23,3
24,5
25,1
26,1
27,5
28,5
29,5
30,4
31,5
32,4
33,5
34,2
35,3
36,5
37,4
38,4
39,5
40,5
41,5
42,5
43,3
44,4
45,2
46,1
47,4
48,3
49,5
50,5
51,3
52,4
53,4
54,4
55,5
56,5
57,3
58,5
59,3
60,5
61,4
62,5
63,3
64,5
65,4
66,5
67,4
68,2
69,5
70,5
71,5
72,4
73,5
74,5
75,4
76,5
77,3
78,5
79,5
80,5
81,5
82,2
83,5
84,3
85,5
86,5
87,5
88,4
89,3
90,4
91,4
92,2
93,4
94,4
95,5
96,5
97,5
98,2
99,1
100,4
101,4
102,5
103,2
104,3
105,5
106,4
107,4
108,4
109,5
110,5
111,3
112,3
113,5
114,2
115,5
116,4
117,5
118,4
119,4
120,5
121,4
122,5
123,4
124,5
125,4
126,4
127,5
128,2
129,4
130,4
131,5
132,2
133,2
134,2
135,3
136,5
137,5
138,4
139,5
140,4
141,4
142,5
143,4
144,3
145,2
146,5
147,5
148,5
149,3
150,4
151,5
152,5
153,3
154,4
155,5
156,5
157,3
158,3
159,4
160,4
161,1
162,4
163,4
164,4
165,5
166,5
167,5
168,1
169,5
170,3
171,4
172,5
173,1
174,5
175,3
176,4
177,5
178,3
179,4
180,4
181,5
182,4
183,4
184,5
185,5
186,5
187,4
188,5
189,5
190,5
191,3
192,4
193,1
194,2
195,4
196,2
197,1
198,2
199,5
200,4
201,3
202,2
203,4
204,4
205,4
206,5
207,4
208,1
209,4
210,5
211,5
212,4
213,4
214,4
215,4
216,4
217,4
218,4
219,3
220,2
221,5
222,4
223,3
224,2
225,5
226,5
227,4
228,2
229,5
230,4
231,2
232,3
233,4
234,4
235,4
236,4
237,2
238,5
239,4
240,5
241,4
242,4
243,2
244,4
245,5
246,5
247,3
248,3
249,2
250,5
251,3
252,3
253,5
254,5
255,4
256,4
257,4
258,5
259,3
260,5
261,3
262,4
263,5
264,5
265,1
266,1
267,4
268,5
269,5
270,3
271,4
272,5
273,5
274,1
275,5
276,3
277,4
278,3
279,4
280,2
281,4
282,4
283,5
284,3
285,2
286,3
287,5
288,4
289,5
290,5
291,5
292,4
293,5
294,4
295,2
296,2
297,5
298,4
299,4
300,4
301,4
302,5
303,1
304,4
305,5
306,5
307,4
308,5
309,5
310,4
311,5
312,4
313,5
314,5
315,4
316,5
317,3
318,5
319,4
320,5
321,5
322,2
323,2
324,5
325,5
326,3
327,1
328,2
329,5
330,4
331,5
332,2
333,4
334,3
335,4
336,4
337,5
338,5
339,2
340,4
341,2
342,2
343,5
344,5
345,4
346,4
347,5
348,5
349,5
350,4
351,5
352,5
353,5
354,3
355,3
356,3
357,1
358,5
359,4
360,4
361,5
362,4
363,4
364,1
365,4
366,4
367,3
368,4
369,4
370,3
371,3
372,4
373,2
374,5
375,2
376,2
377,5
378,3
379,5
380,5
381,4
382,3
383,3
384,4
385,4
386,4
387,5
388,5
389,1
390,5
391,3
392,5
393,2
394,2
395,5
396,5
397,4
398,5
399,5
400,4
401,5
402,4
403,2
404,3
405,5
406,3
407,2
408,5
409,4
410,5
411,5
412,5
413,4
414,2
415,4
416,5
417,5
418,4
419,4
420,4
421,4
422,5
423,5
424,5
425,4
426,4
427,4
428,4
429,3
430,3
431,4
432,4
433,4
434,1
435,5
436,4
437,5
438,5
439,5
440,1
441,4
442,2
443,5
444,5
445,5
446,5
447,5
448,4
449,3
450,1
451,5
452,5
453,4
454,4
455,3
456,3
457,3
458,5
459,5
460,4
461,5
462,5
463,5
464,2
465,2
466,4
467,3
468,5
469,4
470,3
471,5
472,5
473,2
474,3
475,2
476,5
477,4
478,4
479,4
480,3
481,3
482,5
483,5
484,5
485,2
486,1
487,4
488,4
489,5
490,4
491,5
492,2
493,5
494,5
495,5
496,4
497,2
498,5
499,2
500,5
501,5
502,5
503,4
504,4
505,4
506,4
507,1
508,3
509,4
510,5
511,5
512,5
513,5
514,4
515,4
516,3
517,5
518,4
519,3
520,4
521,5
522,4
523,4
524,4
525,2
526,5
527,4
528,5
529,5
530,3
531,5
532,3
533,5
534,4
535,3
536,5
537,4
538,4
539,4
540,5
541,2
542,2
543,5
544,5
545,5
546,2
547,1
548,3
549,5
550,2
551,5
552,3
553,3
554,4
555,4
556,4
557,5
558,5
559,5
560,4
561,2
562,5
563,5
564,5
565,4
566,5
567,4
568,5
569,4
570,4
571,1
572,5
573,4
574,5
575,5
576,5
577,4
578,2
579,3
580,4
581,4
582,3
583,4
584,4
585,4
586,5
587,5
588,4
589,5
590,5
591,5
592,5
593,4
594,4
595,5
596,4
597,3
598,2
599,5
600,4
601,5
602,5
603,4
604,1
605,5
606,1
607,5
608,3
609,2
610,2
611,5
612,3
613,5
614,3
615,5
616,5
617,4
618,5
619,4
620,4
621,3
622,5
623,5
624,5
625,5
626,5
627,4
628,5
629,5
630,1
631,5
632,4
633,5
634,1
635,2
636,4
637,5
638,4
639,5
640,3
641,5
642,5
643,4
644,3
645,4
646,5
647,5
648,5
649,5
650,5
651,5
652,2
653,3
654,5
655,5
656,4
657,5
658,1
659,3
660,5
661,5
662,5
663,5
664,4
665,4
666,5
667,5
668,5
669,4
670,5
671,3
672,1
673,5
674,3
675,5
676,5
677,3
678,5
679,4
680,3
681,3
682,4
683,5
684,4
685,4
686,4
687,4
688,4
689,5
690,5
691,4
692,5
693,5
694,4
695,5
696,5
697,4
698,5
699,2
700,4
701,5
702,4
703,4
704,5
705,5
706,5
707,4
708,4
709,2
710,4
711,5
712,3
713,4
714,5
715,5
716,4
717,5
718,4
719,5
720,4
721,4
722,4
723,2
724,5
725,3
726,2
727,4
728,5
729,5
730,4
731,5
732,2
733,4
734,5
735,5
736,2
737,5
738,5
739,5
740,5
741,4
742,2
743,5
744,2
745,4
746,3
747,2
748,5
749,5
750,4
751,3
752,1
753,5
754,1
755,5
756,5
757,3
758,5
759,5
760,1
761,3
762,5
763,4
764,3
765,3
766,5
767,4
768,3
769,5
770,5
771,5
772,5
773,5
774,5
775,4
776,2
777,2
778,4
779,5
780,5
781,5
782,3
783,2
784,5
785,2
786,1
787,5
788,5
789,5
790,5
791,4
792,4
793,2
794,5
795,4
796,5
797,5
798,5
799,2
800,5
801,4
802,4
803,3
804,5
805,4
806,5
807,4
808,5
809,3
810,5
811,5
812,5
813,3
814,5
815,4
816,5
817,2
818,5
819,4
820,5
821,5
822,5
823,5
824,5
825,3
826,5
827,5
828,4
829,5
830,3
831,4
832,5
833,5
834,2
835,5
836,5
837,5
838,5
839,4
840,5
841,2
842,5
843,5
844,4
845,5
846,3
847,5
848,3
849,5
850,5
851,2
852,5
853,5
854,3
855,4
856,4
857,2
858,3
859,5
860,5
861,5
862,2
863,4
864,5
865,3
866,3
867,1
868,1
869,5
870,5
871,5
872,5
873,5
874,3
875,4
876,3
877,4
878,5
879,5
880,3
881,5
882,4
883,4
884,5
885,5
886,5
887,1
888,5
889,5
890,4
891,2
892,3
893,2
894,3
895,1
896,3
897,2
898,4
899,2
900,5
901,2
902,5
903,5
904,3
905,2
906,5
907,5
908,2
909,4
910,3
911,4
912,4
913,5
914,4
915,3
916,5
917,3
918,4
919,5
920,5
921,5
922,5
923,3
924,5
925,3
926,5
927,5
928,5
929,4
930,5
931,3
932,3
933,5
934,1
935,5
936,2
937,4
938,2
939,4
940,3
941,5
942,5
943,3
944,1
945,5
946,4
947,4
948,3
949,4
950,5
951,5
952,3
953,2
954,5
955,3
956,5
957,4
958,5
959,3
960,1
961,4
962,4
963,5
964,3
965,4
966,3
967,5
968,4
969,2
970,5
971,2
972,5
973,4
974,4
975,5
976,5
977,5
978,4
979,5
980,4
981,5
982,5
983,5
984,4
985,2
986,5
987,3
988,5
989,5
990,5
991,5
992,3
993,5
994,4
995,5
996,5
997,4
998,2
999,5
1000,5
1001,5
1002,3
1003,2
1004,5
1005,5
1006,3
1007,4
1008,1
1009,5
1010,5
1011,5
1012,5
1013,4
1014,2
1015,5
1016,5
1017,5
1018,5
1019,1
1020,5
1021,5
1022,5
1023,5
1024,1
1025,5
1026,2
1027,4
1028,4
1029,5
1030,2
1031,5
1032,1
1033,4
1034,5
1035,4
1036,3
1037,5
1038,5
1039,5
1040,4
1041,4
1042,5
1043,1
1044,4
1045,5
1046,5
1047,4
1048,4
1049,5
1050,4
1051,4
1052,1
1053,1
1054,5
1055,5
1056,1
1057,1
1058,4
1059,5
1060,3
1061,5
1062,5
1063,4
1064,2
1065,4
1066,4
1067,5
1068,4
1069,2
1070,5
1071,5
1072,5
1073,5
1074,5
1075,3
1076,3
1077,4
1078,4
1079,4
1080,3
1081,4
1082,4
1083,5
1084,4
1085,5
1086,4
1087,1
1088,5
1089,5
1090,4
1091,5
1092,4
1093,5
1094,5
1095,4
1096,4
1097,5
1098,5
1099,4
1100,5
1101,5
1102,5
1103,5
1104,5
1105,5
1106,3
1107,5
1108,4
1109,2
1110,4
1111,5
1112,4
1113,5
1114,5
1115,5
1116,5
1117,1
1118,5
1119,4
1120,5
1121,5
1122,2
1123,5
1124,5
1125,5
1126,4
1127,5
1128,2
1129,2
1130,1
1131,1
1132,1
1133,4
1134,2
1135,4
1136,5
1137,5
1138,2
1139,3
1140,5
1141,1
1142,4
1143,5
1144,5
1145,4
1146,5
1147,4
1148,4
1149,5
1150,5
1151,2
1152,5
1153,5
1154,5
1155,4
1156,5
1157,1
1158,3
1159,4
1160,4
1161,5
1162,5
1163,4
1164,5
1165,4
1166,5
1167,4
1168,2
1169,4
1170,5
1171,5
1172,5
1173,2
1174,5
1175,2
1176,5
1177,5
1178,3
1179,4
1180,1
1181,2
1182,2
1183,2
1184,4
1185,2
1186,4
1187,4
1188,5
1189,4
1190,5
1191,3
1192,3
1193,5
1194,5
1195,3
1196,5
1197,4
1198,5
1199,4
1200,5
1201,4
1202,3
1203,2
1204,5
1205,4
1206,4
1207,4
1208,4
1209,5
1210,4
1211,5
1212,4
1213,2
1214,4
1215,5
1216,2
1217,2
1218,5
1219,5
1220,5
1221,5
1222,5
1223,2
1224,3
1225,5
1226,5
1227,1
1228,5
1229,5
1230,1
1231,4
1232,1
1233,5
1234,4
1235,5
1236,4
1237,3
1238,4
1239,5
1240,5
1241,5
1242,4
1243,5
1244,1
1245,4
1246,4
1247,1
1248,5
1249,4
1250,5
1251,3
1252,3
1253,4
1254,5
1255,5
1256,5
1257,5
1258,2
1259,4
1260,4
1261,2
1262,4
1263,4
1264,1
1265,5
1266,4
1267,5
1268,2
1269,4
1270,3
1271,4
1272,5
1273,5
1274,4
1275,1
1276,5
1277,5
1278,5
1279,5
1280,4
1281,2
1282,4
1283,5
1284,2
1285,3
1286,4
1287,4
1288,4
1289,5
1290,2
1291,3
1292,5
1293,5
1294,5
1295,5
1296,4
1297,2
1298,4
1299,5
1300,4
1301,5
1302,5
1303,4
1304,3
1305,3
1306,4
1307,4
1308,5
1309,3
1310,4
1311,4
1312,5
1313,5
1314,2
1315,2
1316,4
1317,5
1318,5
1319,4
1320,4
1321,4
1322,3
1323,4
1324,1
1325,2
1326,5
1327,4
1328,3
1329,5
1330,4
1331,4
1332,2
1333,5
1334,5
1335,5
1336,4
1337,2
1338,4
1339,3
1340,4
1341,4
1342,5
1343,4
1344,4
1345,3
1346,5
1347,5
1348,5
1349,5
1350,5
1351,4
1352,5
1353,4
1354,3
1355,5
1356,5
1357,4
1358,2
1359,5
1360,4
1361,5
1362,5
1363,5
1364,5
1365,5
1366,4
1367,5
1368,5
1369,5
1370,5
1371,3
1372,4
1373,5
1374,4
1375,5
1376,3
1377,3
1378,4
1379,5
1380,5
1381,3
1382,3
1383,3
1384,2
1385,4
1386,3
1387,5
1388,5
1389,2
1390,3
1391,2
1392,3
1393,3
1394,5
1395,5
1396,5
1397,2
1398,4
1399,3
1400,5
1401,5
1402,2
1403,4
1404,2
1405,5
1406,4
1407,5
1408,3
1409,4
1410,5
1411,4
1412,4
1413,4
1414,3
1415,1
1416,4
1417,5
1418,5
1419,3
1420,3
1421,5
1422,4
1423,5
1424,5
1425,1
1426,5
1427,2
1428,4
1429,3
1430,5
1431,3
1432,1
1433,5
1434,5
1435,4
1436,4
1437,5
1438,3
1439,4
1440,5
1441,5
1442,2
1443,5
1444,5
1445,5
1446,5
1447,5
1448,4
1449,5
1450,5
1451,2
1452,4
1453,5
1454,4
1455,4
1456,4
1457,4
1458,5
1459,5
1460,5
1461,5
1462,4
1463,5
1464,3
1465,4
1466,5
1467,2
1468,5
1469,4
1470,2
1471,2
1472,4
1473,5
1474,4
1475,1
1476,5
1477,4
1478,3
1479,1
1480,3
1481,4
1482,4
1483,5
1484,4
1485,5
1486,2
1487,5
1488,5
1489,4
1490,2
1491,4
1492,2
1493,5
1494,5
1495,2
1496,4
1497,5
1498,4
1499,4
1500,5
1501,5
1502,2
1503,3
1504,2
1505,5
1506,5
1507,5
1508,3
1509,2
1510,5
1511,4
1512,5
1513,1
1514,4
1515,4
1516,5
1517,4
1518,5
1519,5
1520,3
1521,5
1522,2
1523,4
1524,1
1525,4
1526,4
1527,3
1528,5
1529,1
1530,5
1531,2
1532,5
1533,3
1534,2
1535,1
1536,3
1537,5
1538,5
1539,4
1540,3
1541,5
1542,1
1543,4
1544,5
1545,2
1546,2
1547,4
1548,5
1549,4
1550,5
1551,4
1552,5
1553,3
1554,1
1555,1
1556,4
1557,4
1558,5
1559,2
1560,4
1561,2
1562,4
1563,4
1564,4
1565,5
1566,5
1567,4
1568,4
1569,4
1570,5
1571,5
1572,4
1573,4
1574,5
1575,1
1576,4
1577,1
1578,3
1579,3
1580,3
1581,4
1582,1
1583,5
1584,3
1585,4
1586,5
1587,5
1588,5
1589,5
1590,4
1591,4
1592,5
1593,5
1594,2
1595,5
1596,3
1597,4
1598,4
1599,1
1600,3
1601,5
1602,5
1603,3
1604,5
1605,4
1606,5
1607,5
1608,5
1609,2
1610,5
1611,5
1612,5
1613,2
1614,2
1615,2
1616,5
1617,5
1618,5
1619,2
1620,5
1621,4
1622,1
1623,5
1624,3
1625,1
1626,5
1627,4
1628,3
1629,5
1630,4
1631,2
1632,5
1633,4
1634,2
1635,5
1636,4
1637,5
1638,5
1639,4
1640,5
1641,4
1642,5
1643,2
1644,1
1645,2
1646,4
1647,3
1648,3
1649,3
1650,5
1651,4
1652,5
1653,5
1654,5
1655,4
1656,5
1657,2
1658,5
1659,5
1660,2
1661,5
1662,4
1663,5
1664,5
1665,4
1666,5
1667,5
1668,4
1669,5
1670,5
1671,3
1672,5
1673,4
1674,2
1675,2
1676,2
1677,5
1678,5
1679,5
1680,3
1681,4
1682,5
1683,3
1684,3
1685,5
1686,5
1687,3
1688,2
1689,3
1690,2
1691,5
1692,1
1693,5
1694,2
1695,4
1696,1
1697,4
1698,4
1699,3
1700,4
1701,3
1702,5
1703,3
1704,2
1705,5
1706,5
1707,3
1708,5
1709,4
1710,3
1711,5
1712,2
1713,5
1714,2
1715,4
1716,4
1717,4
1718,1
1719,4
1720,5
1721,5
1722,5
1723,4
1724,5
1725,4
1726,4
1727,5
1728,5
1729,4
1730,3
1731,3
1732,3
1733,5
1734,5
1735,1
1736,1
1737,3
1738,4
1739,2
1740,5
1741,4
1742,5
1743,3
1744,4
1745,5
1746,5
1747,4
1748,5
1749,5
1750,5
1751,5
1752,4
1753,5
1754,5
1755,3
1756,4
1757,5
1758,3
1759,4
1760,5
1761,4
1762,4
1763,5
1764,5
1765,4
1766,4
1767,5
1768,3
1769,4
1770,5
1771,4
1772,3
1773,3
1774,5
1775,3
1776,3
1777,3
1778,3
1779,5
1780,4
1781,5
1782,5
1783,4
1784,3
1785,4
1786,5
1787,3
1788,2
1789,3
1790,2
1791,4
1792,5
1793,5
1794,3
1795,5
1796,5
1797,5
1798,2
1799,4
1800,1
1801,5
1802,3
1803,2
1804,3
1805,4
1806,4
1807,3
1808,4
1809,2
1810,4
1811,3
1812,5
1813,4
1814,5
1815,1
1816,4
1817,1
1818,5
1819,5
1820,5
1821,5
1822,5
1823,5
1824,4
1825,3
1826,4
1827,5
1828,3
1829,5
1830,5
1831,3
1832,4
1833,4
1834,3
1835,5
1836,5
1837,5
1838,4
1839,5
1840,5
1841,4
1842,2
1843,2
1844,5
1845,5
1846,5
1847,5
1848,4
1849,4
1850,3
1851,5
1852,1
1853,5
1854,5
1855,2
1856,3
1857,1
1858,3
1859,2
1860,5
1861,5
1862,5
1863,3
1864,4
1865,4
1866,5
1867,1
1868,4
1869,5
1870,3
1871,5
1872,5
1873,4
1874,4
1875,2
1876,5
1877,5
1878,4
1879,4
1880,2
1881,5
1882,1
1883,5
1884,5
1885,2
1886,5
1887,5
1888,5
1889,5
1890,5
1891,4
1892,3
1893,5
1894,4
1895,2
1896,4
1897,5
1898,3
1899,5
1900,5
1901,2
1902,4
1903,1
1904,5
1905,5
1906,5
1907,2
1908,3
1909,4
1910,2
1911,5
1912,2
1913,4
1914,5
1915,5
1916,5
1917,3
1918,5
1919,5
1920,5
1921,5
1922,3
1923,4
1924,4
1925,4
1926,5
1927,4
1928,5
1929,5
1930,5
1931,4
1932,5
1933,4
1934,4
1935,4
1936,5
1937,4
1938,3
1939,1
1940,4
1941,4
1942,4
1943,4
1944,5
1945,5
1946,2
1947,3
1948,1
1949,4
1950,4
1951,5
1952,5
1953,5
1954,4
1955,5
1956,4
1957,1
1958,5
1959,4
1960,4
1961,4
1962,5
1963,3
1964,5
1965,5
1966,5
1967,5
1968,5
1969,5
1970,4
1971,1
1972,3
1973,3
1974,3
1975,5
1976,2
1977,3
1978,5
1979,4
1980,5
1981,5
1982,4
1983,5
1984,1
1985,5
1986,5
1987,5
1988,5
1989,4
1990,2
1991,2
1992,1
1993,1
1994,5
1995,4
1996,3
1997,3
1998,5
1999,4
2000,3
2001,3
2002,5
2003,5
2004,5
2005,4
2006,5
2007,4
2008,5
2009,4
2010,5
2011,5
2012,3
2013,1
2014,4
2015,2
2016,4
2017,4
2018,4
2019,3
2020,5
2021,5
2022,2
2023,5
2024,2
2025,5
2026,3
2027,4
2028,5
2029,4
2030,5
2031,5
2032,4
2033,5
2034,5
2035,4
2036,5
2037,5
2038,2
2039,5
2040,2
2041,5
2042,3
2043,3
2044,4
2045,4
2046,5
2047,5
2048,3
2049,4
2050,4
2051,1
2052,5
2053,2
2054,5
2055,5
2056,5
2057,5
2058,3
2059,5
2060,5
2061,5
2062,5
2063,4
2064,2
2065,5
2066,4
2067,5
2068,5
2069,3
2070,5
2071,4
2072,5
2073,4
2074,4
2075,5
2076,5
2077,3
2078,3
2079,1
2080,5
2081,5
2082,5
2083,5
2084,5
2085,4
2086,3
2087,4
2088,4
2089,5
2090,4
2091,2
2092,4
2093,5
2094,5
2095,3
2096,4
2097,4
2098,5
2099,4
2100,5
2101,5
2102,4
2103,2
2104,4
2105,4
2106,3
2107,5
2108,5
2109,5
2110,5
2111,5
2112,1
2113,3
2114,5
2115,5
2116,4
2117,4
2118,5
2119,4
2120,4
2121,4
2122,5
2123,5
2124,3
2125,5
2126,5
2127,1
2128,3
2129,4
2130,5
2131,4
2132,1
2133,5
2134,5
2135,5
2136,5
2137,5
2138,5
2139,3
2140,5
2141,5
2142,5
2143,5
2144,2
2145,5
2146,5
2147,3
2148,2
2149,5
2150,2
2151,5
2152,5
2153,5
2154,2
2155,5
2156,5
2157,1
2158,5
2159,5
2160,3
2161,5
2162,5
2163,5
2164,1
2165,5
2166,4
2167,5
2168,1
2169,5
2170,5
2171,1
2172,3
2173,5
2174,3
2175,4
2176,5
2177,4
2178,3
2179,1
2180,5
2181,2
2182,5
2183,4
2184,5
2185,5
2186,4
2187,4
2188,3
2189,4
2190,5
2191,3
2192,4
2193,3
2194,5
2195,4
2196,5
2197,4
2198,2
2199,4
2200,5
2201,4
2202,4
2203,5
2204,2
2205,2
2206,1
2207,2
2208,5
2209,5
2210,5
2211,2
2212,4
2213,5
2214,4
2215,5
2216,4
2217,5
2218,5
2219,5
2220,2
2221,5
2222,5
2223,4
2224,2
2225,3
2226,5
2227,5
2228,4
2229,5
2230,4
2231,5
2232,4
2233,4
2234,4
2235,4
2236,5
2237,1
2238,5
2239,4
2240,2
2241,5
2242,5
2243,5
2244,4
2245,3
2246,2
2247,3
2248,4
2249,4
2250,5
2251,4
2252,5
2253,4
2254,5
2255,5
2256,1
2257,5
2258,5
2259,5
2260,4
2261,3
2262,2
2263,5
2264,4
2265,5
2266,1
2267,5
2268,2
2269,5
2270,4
2271,5
2272,5
2273,4
2274,4
2275,2
2276,3
2277,1
2278,2
2279,2
2280,4
2281,4
2282,4
2283,2
2284,3
2285,5
2286,5
2287,4
2288,2
2289,4
2290,5
2291,5
2292,5
2293,5
2294,5
2295,4
2296,5
2297,5
2298,4
2299,1
2300,4
2301,5
2302,5
2303,3
2304,4
2305,4
2306,4
2307,3
2308,2
2309,4
2310,5
2311,3
2312,2
2313,4
2314,5
2315,4
2316,5
2317,5
2318,4
2319,3
2320,1
2321,3
2322,5
2323,5
2324,5
2325,4
2326,1
2327,4
2328,1
2329,5
2330,2
2331,4
2332,3
2333,4
2334,2
2335,4
2336,4
2337,4
2338,5
2339,5
2340,4
2341,4
2342,5
2343,5
2344,4
2345,4
2346,2
2347,5
2348,4
2349,5
2350,3
2351,3
2352,4
2353,4
2354,5
2355,4
2356,4
2357,5
2358,4
2359,5
2360,5
2361,4
2362,4
2363,3
2364,1
2365,5
2366,5
2367,5
2368,4
2369,3
2370,5
2371,5
2372,5
2373,5
2374,4
2375,5
2376,5
2377,2
2378,5
2379,4
2380,4
2381,4
2382,5
2383,2
2384,4
2385,4
2386,5
2387,5
2388,5
2389,5
2390,2
2391,2
2392,2
2393,4
2394,1
2395,2
2396,5
2397,4
2398,4
2399,1
2400,5
2401,5
2402,4
2403,4
2404,5
2405,5
2406,4
2407,1
2408,4
2409,5
2410,4
2411,5
2412,5
2413,3
2414,2
2415,5
2416,4
2417,5
2418,4
2419,2
2420,2
2421,3
2422,2
2423,5
2424,4
2425,4
2426,3
2427,4
2428,4
2429,4
2430,2
2431,5
2432,1
2433,4
2434,4
2435,2
2436,4
2437,5
2438,3
2439,4
2440,5
2441,5
2442,3
2443,1
2444,4
2445,5
2446,4
2447,5
2448,1
2449,5
2450,4
2451,5
2452,5
2453,5
2454,2
2455,5
2456,5
2457,2
2458,5
2459,5
2460,2
2461,5
2462,3
2463,2
2464,4
2465,1
2466,4
2467,5
2468,2
2469,5
2470,5
2471,4
2472,4
2473,2
2474,5
2475,4
2476,4
2477,4
2478,4
2479,5
2480,5
2481,5
2482,5
2483,3
2484,5
2485,1
2486,5
2487,5
2488,4
2489,5
2490,5
2491,5
2492,3
2493,5
2494,2
2495,3
2496,2
2497,1
2498,5
2499,3
2500,3
2501,5
2502,5
2503,4
2504,4
2505,4
2506,5
2507,3
2508,5
2509,4
2510,4
2511,2
2512,5
2513,3
2514,4
2515,2
2516,3
2517,5
2518,4
2519,3
2520,5
2521,4
2522,5
2523,5
2524,5
2525,5
2526,5
2527,3
2528,4
2529,4
2530,5
2531,5
2532,4
2533,5
2534,5
2535,5
2536,5
2537,3
2538,5
2539,5
2540,4
2541,5
2542,5
2543,5
2544,5
2545,4
2546,4
2547,5
2548,4
2549,5
2550,4
2551,5
2552,1
2553,4
2554,5
2555,1
2556,3
2557,5
2558,5
2559,5
2560,3
2561,5
2562,4
2563,5
2564,4
2565,2
2566,5
2567,4
2568,3
2569,4
2570,1
2571,3
2572,5
2573,4
2574,4
2575,5
2576,5
2577,5
2578,4
2579,3
2580,5
2581,5
2582,5
2583,5
2584,3
2585,4
2586,5
2587,5
2588,5
2589,5
2590,4
2591,2
2592,4
2593,4
2594,5
2595,2
2596,3
2597,5
2598,3
2599,4
2600,1
2601,2
2602,5
2603,4
2604,4
2605,4
2606,5
2607,5
2608,4
2609,5
2610,5
2611,5
2612,5
2613,4
2614,4
2615,1
2616,4
2617,4
2618,3
2619,5
2620,4
2621,5
2622,4
2623,5
2624,2
2625,2
2626,4
2627,2
2628,5
2629,5
2630,1
2631,5
2632,4
2633,3
2634,2
2635,2
2636,4
2637,4
2638,3
2639,2
2640,5
2641,5
2642,5
2643,5
2644,4
2645,4
2646,4
2647,5
2648,3
2649,4
2650,5
2651,4
2652,5
2653,3
2654,5
2655,5
2656,5
2657,1
2658,5
2659,2
2660,3
2661,5
2662,5
2663,4
2664,3
2665,4
2666,5
2667,4
2668,4
2669,4
2670,4
2671,4
2672,1
2673,5
2674,4
2675,1
2676,5
2677,2
2678,5
2679,5
2680,5
2681,4
2682,5
2683,1
2684,4
2685,4
2686,5
2687,5
2688,2
2689,5
2690,5
2691,2
2692,5
2693,5
2694,4
2695,5
2696,5
2697,4
2698,3
2699,4
2700,2
2701,2
2702,4
2703,2
2704,2
2705,5
2706,5
2707,4
2708,4
2709,4
2710,4
2711,4
2712,2
2713,4
2714,5
2715,4
2716,5
2717,4
2718,4
2719,3
2720,5
2721,5
2722,3
2723,4
2724,4
2725,1
2726,5
2727,1
2728,4
2729,3
2730,4
2731,3
2732,4
2733,5
2734,1
2735,4
2736,2
2737,2
2738,4
2739,5
2740,5
2741,5
2742,5
2743,4
2744,4
2745,5
2746,5
2747,2
2748,5
2749,2
2750,4
2751,5
2752,4
2753,4
2754,1
2755,4
2756,4
2757,5
2758,5
2759,5
2760,3
2761,2
2762,5
2763,3
2764,4
2765,5
2766,5
2767,5
2768,3
2769,4
2770,5
2771,5
2772,3
2773,4
2774,4
2775,5
2776,4
2777,5
2778,4
2779,5
2780,2
2781,4
2782,5
2783,1
2784,5
2785,3
2786,4
2787,2
2788,5
2789,3
2790,4
2791,3
2792,5
2793,4
2794,1
2795,1
2796,5
2797,4
2798,4
2799,3
2800,5
2801,5
2802,2
2803,1
2804,5
2805,2
2806,2
2807,4
2808,5
2809,1
2810,5
2811,3
2812,5
2813,3
2814,5
2815,5
2816,4
2817,5
2818,4
2819,4
2820,4
2821,4
2822,5
2823,4
2824,4
2825,5
2826,4
2827,4
2828,5
2829,4
2830,5
2831,3
2832,5
2833,5
2834,3
2835,5
2836,5
2837,5
2838,4
2839,2
2840,5
2841,3
2842,3
2843,5
2844,4
2845,2
2846,4
2847,4
2848,2
2849,4
2850,4
2851,1
2852,3
2853,3
2854,5
2855,5
2856,2
2857,5
2858,4
2859,3
2860,5
2861,2
2862,5
2863,5
2864,5
2865,4
2866,4
2867,5
2868,4
2869,1
2870,5
2871,4
2872,4
2873,4
2874,5
2875,3
2876,4
2877,5
2878,4
2879,4
2880,5
2881,5
2882,4
2883,5
2884,4
2885,5
2886,2
2887,5
2888,5
2889,5
2890,4
2891,4
2892,5
2893,4
2894,5
2895,4
2896,5
2897,4
2898,5
2899,5
2900,5
2901,2
2902,4
2903,5
2904,5
2905,5
2906,5
2907,5
2908,5
2909,5
2910,4
2911,5
2912,5
2913,2
2914,1
2915,2
2916,5
2917,4
2918,2
2919,4
2920,4
2921,5
2922,4
2923,2
2924,4
2925,5
2926,5
2927,5
2928,1
2929,5
2930,4
2931,5
2932,4
2933,4
2934,5
2935,4
2936,5
2937,4
2938,5
2939,4
2940,4
2941,3
2942,3
2943,2
2944,3
2945,5
2946,1
2947,4
2948,1
2949,5
2950,4
2951,5
2952,4
2953,2
2954,5
2955,4
2956,5
2957,1
2958,5
2959,4
2960,4
2961,5
2962,4
2963,5
2964,5
2965,4
2966,2
2967,4
2968,4
2969,3
2970,1
2971,4
2972,4
2973,4
2974,5
2975,5
2976,5
2977,2
2978,3
2979,4
2980,2
2981,4
2982,5
2983,5
2984,2
2985,5
2986,4
2987,5
2988,5
2989,5
2990,5
2991,5
2992,5
2993,2
2994,4
2995,3
2996,2
2997,3
2998,5
2999,5
3000,5
3001,4
3002,3
3003,5
3004,4
3005,4
3006,5
3007,4
3008,4
3009,4
3010,1
3011,4
3012,4
3013,5
3014,4
3015,5
3016,5
3017,5
3018,5
3019,4
3020,5
3021,4
3022,5
3023,5
3024,1
3025,5
3026,5
3027,4
3028,4
3029,5
3030,4
3031,4
3032,4
3033,4
3034,4
3035,3
3036,5
3037,4
3038,5
3039,5
3040,4
3041,5
3042,3
3043,5
3044,5
3045,5
3046,4
3047,5
3048,4
3049,5
3050,5
3051,5
3052,5
3053,5
3054,3
3055,5
3056,5
3057,5
3058,5
3059,5
3060,3
3061,2
3062,4
3063,2
3064,5
3065,3
3066,2
3067,4
3068,2
3069,3
3070,1
3071,5
3072,4
3073,4
3074,5
3075,4
3076,4
3077,4
3078,5
3079,5
3080,1
3081,4
3082,3
3083,5
3084,4
3085,5
3086,3
3087,4
3088,3
3089,3
3090,3
3091,4
3092,4
3093,4
3094,4
3095,4
3096,3
3097,2
3098,5
3099,4
3100,4
3101,2
3102,5
3103,5
3104,5
3105,5
3106,4
3107,5
3108,5
3109,1
3110,3
3111,1
3112,5
3113,4
3114,3
3115,5
3116,2
3117,5
3118,4
3119,4
3120,3
3121,4
3122,4
3123,4
3124,3
3125,5
3126,4
3127,4
3128,5
3129,4
3130,3
3131,5
3132,5
3133,3
3134,4
3135,4
3136,4
3137,1
3138,3
3139,5
3140,5
3141,2
3142,3
3143,5
3144,4
3145,5
3146,5
3147,4
3148,4
3149,5
3150,4
3151,5
3152,5
3153,5
3154,4
3155,5
3156,5
3157,3
3158,5
3159,5
3160,4
3161,5
3162,4
3163,5
3164,5
3165,5
3166,5
3167,3
3168,1
3169,4
3170,4
3171,5
3172,4
3173,4
3174,2
3175,5
3176,4
3177,5
3178,2
3179,4
3180,5
3181,5
3182,4
3183,2
3184,1
3185,5
3186,5
3187,5
3188,5
3189,5
3190,4
3191,2
3192,5
3193,4
3194,4
3195,4
3196,5
3197,5
3198,4
3199,5
3200,3
3201,5
3202,5
3203,5
3204,3
3205,5
3206,3
3207,3
3208,5
3209,2
3210,2
3211,2
3212,4
3213,5
3214,4
3215,3
3216,4
3217,5
3218,4
3219,4
3220,5
3221,2
3222,3
3223,5
3224,2
3225,2
3226,5
3227,4
3228,1
3229,4
3230,4
3231,3
3232,2
3233,5
3234,3
3235,4
3236,2
3237,5
3238,4
3239,2
3240,4
3241,5
3242,4
3243,4
3244,2
3245,4
3246,4
3247,2
3248,2
3249,5
3250,5
3251,4
3252,5
3253,4
3254,4
3255,5
3256,4
3257,4
3258,4
3259,5
3260,3
3261,4
3262,2
3263,3
3264,5
3265,4
3266,5
3267,1
3268,4
3269,5
3270,2
3271,1
3272,4
3273,3
3274,3
3275,3
3276,4
3277,4
3278,5
3279,4
3280,4
3281,4
3282,2
3283,3
3284,5
3285,3
3286,5
3287,5
3288,4
3289,4
3290,5
3291,4
3292,3
3293,2
3294,5
3295,4
3296,3
3297,2
3298,4
3299,5
3300,2
3301,5
3302,5
3303,5
3304,5
3305,4
3306,5
3307,3
3308,3
3309,5
3310,4
3311,5
3312,5
3313,4
3314,5
3315,4
3316,4
3317,5
3318,4
3319,3
3320,5
3321,5
3322,5
3323,2
3324,4
3325,4
3326,5
3327,5
3328,5
3329,4
3330,5
3331,1
3332,5
3333,5
3334,4
3335,5
3336,5
3337,4
3338,5
3339,5
3340,1
3341,5
3342,4
3343,4
3344,5
3345,4
3346,4
3347,5
3348,4
3349,5
3350,5
3351,5
3352,4
3353,3
3354,4
3355,5
3356,5
3357,4
3358,3
3359,5
3360,4
3361,4
3362,4
3363,5
3364,2
3365,4
3366,5
3367,2
3368,5
3369,5
3370,1
3371,4
3372,4
3373,4
3374,5
3375,5
3376,4
3377,1
3378,2
3379,4
3380,5
3381,5
3382,4
3383,5
3384,2
3385,4
3386,3
3387,2
3388,5
3389,2
3390,4
3391,2
3392,5
3393,5
3394,4
3395,2
3396,5
3397,2
3398,3
3399,1
3400,5
3401,4
3402,5
3403,4
3404,4
3405,3
3406,1
3407,5
3408,3
3409,4
3410,5
3411,4
3412,4
3413,5
3414,4
3415,4
3416,5
3417,5
3418,4
3419,5
3420,4
3421,4
3422,4
3423,4
3424,5
3425,2
3426,3
3427,5
3428,5
3429,5
3430,5
3431,4
3432,1
3433,4
3434,3
3435,2
3436,4
3437,5
3438,5
3439,4
3440,1
3441,3
3442,5
3443,5
3444,4
3445,3
3446,5
3447,5
3448,3
3449,5
3450,5
3451,5
3452,5
3453,1
3454,4
3455,2
3456,4
3457,1
3458,2
3459,2
3460,3
3461,4
3462,3
3463,5
3464,2
3465,3
3466,4
3467,5
3468,2
3469,4
3470,4
3471,5
3472,5
3473,5
3474,1
3475,5
3476,3
3477,5
3478,5
3479,5
3480,5
3481,5
3482,5
3483,4
3484,5
3485,5
3486,5
3487,4
3488,5
3489,4
3490,5
3491,5
3492,5
3493,5
3494,1
3495,2
3496,5
3497,2
3498,5
3499,2
3500,4
3501,5
3502,5
3503,5
3504,5
3505,2
3506,5
3507,3
3508,4
3509,4
3510,4
3511,5
3512,5
3513,4
3514,4
3515,4
3516,4
3517,5
3518,4
3519,4
3520,1
3521,5
3522,3
3523,5
3524,5
3525,5
3526,1
3527,5
3528,5
3529,4
3530,5
3531,5
3532,4
3533,5
3534,2
3535,5
3536,5
3537,5
3538,1
3539,5
3540,5
3541,5
3542,5
3543,5
3544,4
3545,5
3546,1
3547,2
3548,3
3549,3
3550,5
3551,5
3552,5
3553,4
3554,5
3555,4
3556,4
3557,5
3558,4
3559,5
3560,4
3561,5
3562,3
3563,5
3564,5
3565,5
3566,4
3567,5
3568,3
3569,5
3570,5
3571,1
3572,5
3573,4
3574,5
3575,5
3576,4
3577,4
3578,5
3579,5
3580,4
3581,3
3582,5
3583,5
3584,5
3585,2
3586,5
3587,4
3588,4
3589,5
3590,4
3591,4
3592,5
3593,5
3594,5
3595,4
3596,3
3597,5
3598,5
3599,4
3600,5
3601,5
3602,1
3603,5
3604,5
3605,5
3606,5
3607,1
3608,5
3609,5
3610,4
3611,5
3612,5
3613,5
3614,5
3615,5
3616,4
3617,1
3618,4
3619,5
3620,3
3621,3
3622,4
3623,2
3624,5
3625,2
3626,3
3627,4
3628,4
3629,3
3630,4
3631,4
3632,1
3633,5
3634,4
3635,4
3636,3
3637,4
3638,4
3639,5
3640,5
3641,5
3642,5
3643,2
3644,4
3645,5
3646,5
3647,4
3648,4
3649,5
3650,4
3651,3
3652,5
3653,2
3654,4
3655,4
3656,2
3657,4
3658,5
3659,5
3660,5
3661,2
3662,3
3663,5
3664,5
3665,2
3666,5
3667,5
3668,5
3669,3
3670,5
3671,3
3672,5
3673,4
3674,5
3675,5
3676,5
3677,5
3678,5
3679,5
3680,5
3681,2
3682,5
3683,5
3684,5
3685,4
3686,4
3687,4
3688,5
3689,5
3690,4
3691,2
3692,4
3693,4
3694,5
3695,2
3696,1
3697,5
3698,5
3699,5
3700,5
3701,3
3702,4
3703,2
3704,2
3705,3
3706,5
3707,4
3708,5
3709,5
3710,4
3711,3
3712,5
3713,4
3714,4
3715,4
3716,1
3717,5
3718,4
3719,5
3720,4
3721,5
3722,1
3723,5
3724,5
3725,5
3726,4
3727,5
3728,2
3729,4
3730,3
3731,5
3732,4
3733,5
3734,4
3735,5
3736,3
3737,5
3738,5
3739,2
3740,2
3741,1
3742,5
3743,5
3744,5
3745,3
3746,4
3747,5
3748,4
3749,5
3750,2
3751,5
3752,5
3753,5
3754,5
3755,3
3756,4
3757,5
3758,4
3759,5
3760,5
3761,5
3762,4
3763,5
3764,2
3765,5
3766,1
3767,5
3768,5
3769,5
3770,1
3771,5
3772,5
3773,5
3774,5
3775,5
3776,4
3777,5
3778,5
3779,1
3780,5
3781,3
3782,5
3783,3
3784,3
3785,5
3786,4
3787,5
3788,4
3789,5
3790,3
3791,5
3792,5
3793,5
3794,5
3795,5
3796,4
3797,4
3798,4
3799,4
3800,5
3801,3
3802,4
3803,2
3804,3
3805,4
3806,2
3807,5
3808,5
3809,2
3810,5
3811,5
3812,5
3813,5
3814,2
3815,5
3816,4
3817,4
3818,4
3819,5
3820,3
3821,4
3822,4
3823,5
3824,5
3825,5
3826,3
3827,5
3828,5
3829,2
3830,5
3831,5
3832,5
3833,5
3834,4
3835,5
3836,5
3837,4
3838,4
3839,4
3840,5
3841,5
3842,5
3843,1
3844,4
3845,4
3846,2
3847,4
3848,3
3849,5
3850,5
3851,5
3852,5
3853,4
3854,5
3855,4
3856,3
3857,5
3858,3
3859,3
3860,5
3861,2
3862,4
3863,1
3864,3
3865,1
3866,5
3867,4
3868,5
3869,5
3870,4
3871,4
3872,5
3873,5
3874,4
3875,4
3876,4
3877,4
3878,5
3879,5
3880,5
3881,5
3882,3
3883,4
3884,4
3885,5
3886,5
3887,5
3888,2
3889,3
3890,5
3891,5
3892,3
3893,5
3894,3
3895,4
3896,1
3897,5
3898,3
3899,5
3900,4
3901,4
3902,1
3903,3
3904,4
3905,4
3906,4
3907,4
3908,5
3909,5
3910,4
3911,5
3912,5
3913,5
3914,4
3915,4
3916,5
3917,4
3918,3
3919,4
3920,4
3921,4
3922,3
3923,4
3924,2
3925,4
3926,2
3927,4
3928,5
3929,5
3930,4
3931,1
3932,3
3933,4
3934,5
3935,4
3936,5
3937,5
3938,1
3939,2
3940,2
3941,5
3942,5
3943,5
3944,5
3945,3
3946,5
3947,3
3948,3
3949,2
3950,4
3951,4
3952,4
3953,5
3954,5
3955,4
3956,5
3957,5
3958,4
3959,5
3960,3
3961,4
3962,2
3963,5
3964,5
3965,4
3966,3
3967,3
3968,1
3969,5
3970,5
3971,5
3972,4
3973,4
3974,4
3975,5
3976,3
3977,4
3978,4
3979,5
3980,4
3981,5
3982,4
3983,2
3984,5
3985,5
3986,4
3987,4
3988,5
3989,4
3990,5
3991,5
3992,1
3993,5
3994,5
3995,5
3996,5
3997,5
3998,4
3999,5
4000,3
4001,5
4002,5
4003,5
4004,5
4005,2
4006,4
4007,5
4008,5
4009,3
4010,2
4011,5
4012,3
4013,3
4014,5
4015,5
4016,4
4017,5
4018,5
4019,1
4020,1
4021,1
4022,5
4023,4
4024,1
4025,3
4026,5
4027,4
4028,4
4029,3
4030,4
4031,2
4032,5
4033,5
4034,2
4035,4
4036,4
4037,2
4038,5
4039,1
4040,4
4041,5
4042,5
4043,5
4044,5
4045,2
4046,5
4047,4
4048,4
4049,5
4050,5
4051,5
4052,5
4053,4
4054,1
4055,5
4056,2
4057,5
4058,3
4059,4
4060,5
4061,4
4062,4
4063,4
4064,5
4065,5
4066,5
4067,5
4068,5
4069,5
4070,4
4071,5
4072,2
4073,1
4074,5
4075,5
4076,3
4077,3
4078,4
4079,4
4080,5
4081,1
4082,1
4083,4
4084,5
4085,4
4086,5
4087,5
4088,5
4089,5
4090,5
4091,2
4092,3
4093,4
4094,4
4095,5
4096,2
4097,4
4098,4
4099,1
4100,4
4101,3
4102,1
4103,2
4104,5
4105,3
4106,4
4107,5
4108,4
4109,2
4110,4
4111,5
4112,5
4113,5
4114,4
4115,5
4116,2
4117,3
4118,4
4119,5
4120,1
4121,4
4122,4
4123,5
4124,5
4125,4
4126,2
4127,5
4128,5
4129,4
4130,4
4131,4
4132,5
4133,4
4134,5
4135,5
4136,5
4137,5
4138,5
4139,4
4140,5
4141,4
4142,1
4143,2
4144,5
4145,3
4146,4
4147,5
4148,4
4149,4
4150,3
4151,5
4152,5
4153,4
4154,3
4155,4
4156,5
4157,5
4158,3
4159,4
4160,5
4161,4
4162,5
4163,2
4164,5
4165,4
4166,4
4167,5
4168,5
4169,1
4170,4
4171,1
4172,5
4173,5
4174,2
4175,5
4176,5
4177,3
4178,5
4179,5
4180,4
4181,5
4182,2
4183,4
4184,4
4185,5
4186,3
4187,4
4188,1
4189,4
4190,4
4191,2
4192,5
4193,5
4194,5
4195,2
4196,4
4197,4
4198,5
4199,3
4200,5
4201,4
4202,5
4203,5
4204,2
4205,2
4206,5
4207,5
4208,2
4209,4
4210,5
4211,1
4212,4
4213,4
4214,4
4215,4
4216,4
4217,5
4218,4
4219,4
4220,4
4221,5
4222,5
4223,5
4224,5
4225,5
4226,5
4227,5
4228,4
4229,5
4230,4
4231,4
4232,2
4233,5
4234,5
4235,3
4236,1
4237,5
4238,2
4239,4
4240,5
4241,5
4242,4
4243,4
4244,5
4245,5
4246,4
4247,4
4248,4
4249,5
4250,3
4251,5
4252,3
4253,5
4254,5
4255,4
4256,5
4257,4
4258,2
4259,5
4260,3
4261,5
4262,5
4263,5
4264,4
4265,5
4266,1
4267,5
4268,4
4269,4
4270,4
4271,2
4272,1
4273,5
4274,1
4275,5
4276,4
4277,4
4278,3
4279,5
4280,5
4281,4
4282,2
4283,5
4284,5
4285,4
4286,4
4287,2
4288,5
4289,4
4290,5
4291,5
4292,4
4293,5
4294,4
4295,5
4296,4
4297,4
4298,4
4299,1
4300,5
4301,3
4302,5
4303,5
4304,4
4305,5
4306,5
4307,5
4308,3
4309,5
4310,3
4311,4
4312,4
4313,5
4314,4
4315,5
4316,4
4317,5
4318,2
4319,4
4320,4
4321,4
4322,5
4323,2
4324,2
4325,5
4326,4
4327,4
4328,5
4329,5
4330,4
4331,2
4332,5
4333,4
4334,1
4335,4
4336,5
4337,4
4338,2
4339,5
4340,5
4341,2
4342,5
4343,5
4344,2
4345,4
4346,3
4347,5
4348,4
4349,5
4350,5
4351,4
4352,5
4353,3
4354,2
4355,4
4356,5
4357,5
4358,5
4359,2
4360,5
4361,4
4362,5
4363,4
4364,5
4365,4
4366,3
4367,1
4368,3
4369,4
4370,3
4371,3
4372,3
4373,4
4374,2
4375,1
4376,4
4377,5
4378,5
4379,5
4380,3
4381,5
4382,5
4383,5
4384,5
4385,3
4386,5
4387,5
4388,2
4389,5
4390,1
4391,4
4392,5
4393,5
4394,4
4395,5
4396,3
4397,4
4398,4
4399,4
4400,5
4401,5
4402,5
4403,5
4404,5
4405,5
4406,3
4407,4
4408,3
4409,5
4410,4
4411,2
4412,1
4413,2
4414,5
4415,5
4416,4
4417,4
4418,5
4419,5
4420,3
4421,5
4422,3
4423,5
4424,4
4425,4
4426,5
4427,5
4428,3
4429,4
4430,4
4431,4
4432,4
4433,1
4434,4
4435,4
4436,5
4437,3
4438,4
4439,5
4440,5
4441,4
4442,1
4443,2
4444,1
4445,5
4446,4
4447,3
4448,5
4449,5
4450,4
4451,4
4452,3
4453,5
4454,5
4455,2
4456,4
4457,4
4458,1
4459,2
4460,4
4461,4
4462,4
4463,5
4464,5
4465,3
4466,4
4467,4
4468,4
4469,4
4470,5
4471,5
4472,4
4473,3
4474,4
4475,5
4476,5
4477,5
4478,2
4479,2
4480,2
4481,4
4482,1
4483,5
4484,5
4485,5
4486,3
4487,3
4488,2
4489,5
4490,5
4491,5
4492,4
4493,5
4494,4
4495,3
4496,3
4497,3
4498,1
4499,4
4500,5
4501,4
4502,3
4503,3
4504,5
4505,4
4506,1
4507,4
4508,5
4509,4
4510,1
4511,4
4512,2
4513,2
4514,2
4515,3
4516,4
4517,4
4518,1
4519,5
4520,4
4521,4
4522,3
4523,1
4524,4
4525,3
4526,4
4527,5
4528,4
4529,3
4530,1
4531,1
4532,3
4533,5
4534,4
4535,2
4536,5
4537,1
4538,1
4539,3
4540,3
4541,5
4542,5
4543,5
4544,5
4545,4
4546,3
4547,5
4548,4
4549,3
4550,4
4551,5
4552,5
4553,1
4554,5
4555,2
4556,5
4557,4
4558,5
4559,2
4560,4
4561,5
4562,3
4563,5
4564,4
4565,5
4566,5
4567,5
4568,4
4569,3
4570,1
4571,2
4572,4
4573,5
4574,2
4575,3
4576,4
4577,4
4578,4
4579,4
4580,5
4581,5
4582,4
4583,4
4584,3
4585,5
4586,5
4587,5
4588,5
4589,4
4590,3
4591,2
4592,3
4593,5
4594,4
4595,3
4596,5
4597,3
4598,5
4599,3
4600,5
4601,5
4602,4
4603,1
4604,5
4605,4
4606,4
4607,4
4608,5
4609,4
4610,3
4611,5
4612,5
4613,2
4614,3
4615,1
4616,2
4617,4
4618,4
4619,5
4620,5
4621,1
4622,4
4623,4
4624,2
4625,5
4626,4
4627,1
4628,4
4629,4
4630,4
4631,5
4632,4
4633,5
4634,1
4635,4
4636,5
4637,5
4638,3
4639,5
4640,5
4641,3
4642,5
4643,3
4644,4
4645,4
4646,5
4647,5
4648,4
4649,3
4650,5
4651,4
4652,4
4653,5
4654,4
4655,3
4656,4
4657,4
4658,1
4659,4
4660,3
4661,4
4662,4
4663,1
4664,2
4665,5
4666,4
4667,5
4668,5
4669,5
4670,3
4671,3
4672,5
4673,4
4674,2
4675,5
4676,4
4677,5
4678,5
4679,5
4680,4
4681,2
4682,5
4683,5
4684,4
4685,5
4686,4
4687,4
4688,4
4689,4
4690,4
4691,5
4692,5
4693,3
4694,5
4695,4
4696,1
4697,3
4698,4
4699,3
4700,2
4701,5
4702,5
4703,5
4704,5
4705,5
4706,2
4707,4
4708,4
4709,1
4710,3
4711,4
4712,5
4713,5
4714,4
4715,3
4716,3
4717,5
4718,5
4719,4
4720,1
4721,5
4722,5
4723,5
4724,4
4725,5
4726,5
4727,4
4728,5
4729,5
4730,4
4731,2
4732,1
4733,5
4734,4
4735,4
4736,3
4737,5
4738,1
4739,4
4740,3
4741,2
4742,4
4743,4
4744,5
4745,4
4746,4
4747,2
4748,5
4749,5
4750,4
4751,5
4752,4
4753,2
4754,3
4755,4
4756,4
4757,4
4758,5
4759,5
4760,1
4761,4
4762,3
4763,4
4764,3
4765,2
4766,5
4767,3
4768,2
4769,1
4770,4
4771,5
4772,1
4773,5
4774,2
4775,2
4776,5
4777,4
4778,5
4779,5
4780,4
4781,4
4782,5
4783,5
4784,5
4785,4
4786,1
4787,4
4788,3
4789,5
4790,4
4791,4
4792,4
4793,5
4794,3
4795,5
4796,5
4797,4
4798,5
4799,4
4800,5
4801,5
4802,5
4803,4
4804,5
4805,4
4806,2
4807,5
4808,4
4809,4
4810,5
4811,5
4812,3
4813,4
4814,5
4815,5
4816,5
4817,5
4818,5
4819,5
4820,3
4821,4
4822,5
4823,3
4824,3
4825,2
4826,4
4827,3
4828,5
4829,4
4830,5
4831,4
4832,3
4833,4
4834,5
4835,4
4836,5
4837,5
4838,3
4839,5
4840,4
4841,5
4842,4
4843,5
4844,5
4845,2
4846,2
4847,4
4848,3
4849,4
4850,5
4851,5
4852,5
4853,4
4854,2
4855,2
4856,4
4857,5
4858,5
4859,2
4860,4
4861,2
4862,4
4863,3
4864,5
4865,5
4866,5
4867,4
4868,4
4869,5
4870,4
4871,4
4872,3
4873,2
4874,4
4875,5
4876,2
4877,3
4878,5
4879,5
4880,1
4881,5
4882,2
4883,5
4884,4
4885,5
4886,3
4887,5
4888,5
4889,4
4890,4
4891,4
4892,4
4893,4
4894,1
4895,5
4896,4
4897,5
4898,2
4899,5
4900,4
4901,1
4902,4
4903,5
4904,5
4905,3
4906,5
4907,2
4908,5
4909,4
4910,4
4911,4
4912,5
4913,3
4914,4
4915,3
4916,4
4917,4
4918,5
4919,5
4920,5
4921,2
4922,5
4923,4
4924,5
4925,4
4926,5
4927,5
4928,5
4929,4
4930,4
4931,3
4932,3
4933,5
4934,3
4935,3
4936,5
4937,4
4938,1
4939,3
4940,5
4941,5
4942,5
4943,5
4944,1
4945,5
4946,2
4947,5
4948,5
4949,4
4950,4
4951,2
4952,4
4953,2
4954,4
4955,5
4956,4
4957,5
4958,5
4959,4
4960,5
4961,5
4962,4
4963,1
4964,5
4965,5
4966,4
4967,5
4968,4
4969,5
4970,2
4971,2
4972,4
4973,5
4974,1
4975,4
4976,1
4977,5
4978,2
4979,5
4980,5
4981,5
4982,5
4983,5
4984,5
4985,5
4986,3
4987,4
4988,4
4989,5
4990,5
4991,5
4992,4
4993,5
4994,5
4995,5
4996,4
4997,4
4998,5
4999,3
5000,4
5001,5
5002,5
5003,5
5004,5
5005,2
5006,4
5007,5
5008,5
5009,3
5010,5
5011,5
5012,2
5013,4
5014,5
5015,5
5016,5
5017,4
5018,4
5019,4
5020,4
5021,5
5022,5
5023,4
5024,5
5025,4
5026,2
5027,2
5028,5
5029,4
5030,4
5031,2
5032,5
5033,3
5034,4
5035,1
5036,4
5037,4
5038,5
5039,2
5040,5
5041,2
5042,5
5043,4
5044,2
5045,5
5046,1
5047,3
5048,5
5049,5
5050,4
5051,5
5052,2
5053,2
5054,4
5055,5
5056,5
5057,5
5058,4
5059,2
5060,2
5061,2
5062,5
5063,4
5064,3
5065,2
5066,5
5067,4
5068,5
5069,5
5070,5
5071,3
5072,5
5073,5
5074,5
5075,4
5076,5
5077,2
5078,5
5079,4
5080,5
5081,5
5082,5
5083,4
5084,5
5085,5
5086,3
5087,4
5088,4
5089,2
5090,5
5091,1
5092,5
5093,5
5094,2
5095,2
5096,5
5097,2
5098,1
5099,5
5100,4
5101,5
5102,1
5103,3
5104,5
5105,5
5106,2
5107,3
5108,5
5109,4
5110,4
5111,5
5112,5
5113,5
5114,4
5115,5
5116,2
5117,3
5118,1
5119,5
5120,5
5121,5
5122,3
5123,4
5124,2
5125,1
5126,4
5127,5
5128,2
5129,5
5130,5
5131,5
5132,4
5133,4
5134,4
5135,4
5136,5
5137,3
5138,5
5139,5
5140,1
5141,1
5142,1
5143,4
5144,5
5145,4
5146,5
5147,4
5148,3
5149,2
5150,5
5151,3
5152,4
5153,5
5154,4
5155,5
5156,5
5157,3
5158,4
5159,4
5160,1
5161,3
5162,5
5163,1
5164,3
5165,5
5166,5
5167,4
5168,5
5169,5
5170,5
5171,1
5172,4
5173,5
5174,4
5175,3
5176,5
5177,4
5178,1
5179,2
5180,2
5181,4
5182,3
5183,4
5184,5
5185,2
5186,1
5187,4
5188,2
5189,5
5190,4
5191,4
5192,4
5193,1
5194,5
5195,5
5196,4
5197,2
5198,4
5199,2
5200,5
5201,5
5202,5
5203,4
5204,4
5205,5
5206,5
5207,4
5208,2
5209,5
5210,1
5211,4
5212,2
5213,4
5214,1
5215,4
5216,5
5217,2
5218,5
5219,2
5220,5
5221,5
5222,5
5223,5
5224,5
5225,5
5226,4
5227,4
5228,4
5229,5
5230,4
5231,4
5232,5
5233,4
5234,2
5235,5
5236,4
5237,5
5238,5
5239,5
5240,5
5241,5
5242,2
5243,2
5244,5
5245,2
5246,5
5247,5
5248,1
5249,5
5250,5
5251,4
5252,5
5253,5
5254,4
5255,5
5256,3
5257,2
5258,4
5259,4
5260,2
5261,5
5262,1
5263,5
5264,5
5265,3
5266,3
5267,4
5268,4
5269,4
5270,4
5271,5
5272,4
5273,5
5274,4
5275,1
5276,5
5277,1
5278,5
5279,1
5280,5
5281,4
5282,5
5283,5
5284,5
5285,5
5286,4
5287,5
5288,5
5289,3
5290,3
5291,4
5292,5
5293,3
5294,4
5295,2
5296,4
5297,5
5298,5
5299,4
5300,5
5301,4
5302,4
5303,5
5304,5
5305,4
5306,5
5307,1
5308,2
5309,5
5310,4
5311,5
5312,5
5313,5
5314,5
5315,3
5316,5
5317,5
5318,1
5319,4
5320,5
5321,4
5322,5
5323,5
5324,5
5325,5
5326,4
5327,5
5328,5
5329,5
5330,5
5331,3
5332,5
5333,4
5334,1
5335,5
5336,1
5337,1
5338,5
5339,5
5340,5
5341,2
5342,2
5343,5
5344,5
5345,4
5346,5
5347,4
5348,2
5349,3
5350,5
5351,5
5352,5
5353,4
5354,5
5355,5
5356,4
5357,5
5358,4
5359,2
5360,5
5361,3
5362,5
5363,2
5364,3
5365,4
5366,4
5367,2
5368,5
5369,5
5370,4
5371,4
5372,4
5373,4
5374,4
5375,3
5376,4
5377,5
5378,5
5379,5
5380,1
5381,5
5382,4
5383,4
5384,4
5385,3
5386,1
5387,3
5388,4
5389,5
5390,5
5391,4
5392,5
5393,5
5394,4
5395,5
5396,2
5397,5
5398,5
5399,5
5400,5
5401,5
5402,4
5403,1
5404,4
5405,1
5406,3
5407,1
5408,4
5409,4
5410,4
5411,1
5412,4
5413,4
5414,5
5415,2
5416,5
5417,5
5418,4
5419,4
5420,2
5421,2
5422,4
5423,5
5424,5
5425,3
5426,5
5427,2
5428,5
5429,5
5430,2
5431,2
5432,5
5433,4
5434,5
5435,5
5436,5
5437,5
5438,5
5439,5
5440,1
5441,3
5442,4
5443,5
5444,5
5445,4
5446,4
5447,3
5448,5
5449,5
5450,1
5451,4
5452,1
5453,5
5454,3
5455,3
5456,4
5457,5
5458,5
5459,5
5460,5
5461,3
5462,5
5463,3
5464,5
5465,4
5466,4
5467,3
5468,2
5469,4
5470,4
5471,4
5472,4
5473,5
5474,2
5475,5
5476,3
5477,1
5478,4
5479,3
5480,3
5481,5
5482,3
5483,3
5484,4
5485,5
5486,5
5487,4
5488,3
5489,4
5490,5
5491,5
5492,4
5493,5
5494,4
5495,1
5496,1
5497,5
5498,1
5499,5
5500,4
5501,5
5502,2
5503,5
5504,5
5505,4
5506,1
5507,5
5508,1
5509,4
5510,4
5511,2
5512,5
5513,5
5514,5
5515,5
5516,4
5517,4
5518,5
5519,2
5520,5
5521,3
5522,3
5523,4
5524,5
5525,5
5526,3
5527,4
5528,5
5529,4
5530,5
5531,3
5532,3
5533,5
5534,5
5535,5
5536,5
5537,3
5538,5
5539,5
5540,5
5541,5
5542,4
5543,2
5544,4
5545,5
5546,3
5547,2
5548,4
5549,3
5550,4
5551,5
5552,1
5553,3
5554,5
5555,5
5556,5
5557,4
5558,4
5559,5
5560,5
5561,5
5562,1
5563,3
5564,2
5565,4
5566,5
5567,5
5568,5
5569,4
5570,5
5571,5
5572,5
5573,5
5574,1
5575,4
5576,5
5577,3
5578,5
5579,4
5580,5
5581,3
5582,4
5583,4
5584,5
5585,4
5586,4
5587,4
5588,5
5589,5
5590,3
5591,4
5592,2
5593,5
5594,1
5595,1
5596,2
5597,5
5598,4
5599,5
5600,5
5601,5
5602,4
5603,2
5604,5
5605,4
5606,5
5607,4
5608,4
5609,5
5610,5
5611,3
5612,1
5613,5
5614,3
5615,4
5616,5
5617,4
5618,5
5619,5
5620,5
5621,5
5622,5
5623,5
5624,4
5625,3
5626,4
5627,5
5628,4
5629,4
5630,5
5631,4
5632,4
5633,2
5634,5
5635,5
5636,5
5637,5
5638,4
5639,5
5640,5
5641,5
5642,5
5643,5
5644,5
5645,3
5646,5
5647,3
5648,4
5649,1
5650,5
5651,5
5652,2
5653,4
5654,4
5655,5
5656,4
5657,5
5658,5
5659,5
5660,3
5661,5
5662,5
5663,2
5664,3
5665,4
5666,5
5667,3
5668,4
5669,5
5670,4
5671,4
5672,5
5673,5
5674,5
5675,5
5676,4
5677,5
5678,5
5679,5
5680,4
5681,5
5682,4
5683,5
5684,4
5685,4
5686,2
5687,4
5688,4
5689,4
5690,2
5691,5
5692,4
5693,5
5694,4
5695,4
5696,4
5697,5
5698,5
5699,3
5700,2
5701,2
5702,4
5703,5
5704,5
5705,2
5706,4
5707,5
5708,4
5709,5
5710,5
5711,5
5712,2
5713,4
5714,4
5715,4
5716,2
5717,3
5718,5
5719,5
5720,5
5721,2
5722,3
5723,5
5724,5
5725,4
5726,4
5727,2
5728,5
5729,4
5730,5
5731,4
5732,5
5733,4
5734,5
5735,5
5736,4
5737,2
5738,4
5739,5
5740,3
5741,5
5742,2
5743,2
5744,5
5745,5
5746,4
5747,4
5748,5
5749,5
5750,4
5751,5
5752,5
5753,3
5754,5
5755,2
5756,1
5757,4
5758,5
5759,4
5760,4
5761,5
5762,3
5763,3
5764,5
5765,4
5766,2
5767,4
5768,4
5769,4
5770,4
5771,5
5772,2
5773,5
5774,5
5775,5
5776,5
5777,1
5778,2
5779,5
5780,4
5781,5
5782,5
5783,5
5784,5
5785,5
5786,5
5787,5
5788,4
5789,2
5790,2
5791,4
5792,4
5793,4
5794,1
5795,4
5796,4
5797,5
5798,5
5799,2
5800,2
5801,5
5802,5
5803,5
5804,5
5805,5
5806,4
5807,4
5808,5
5809,4
5810,5
5811,5
5812,5
5813,3
5814,5
5815,5
5816,5
5817,5
5818,3
5819,4
5820,4
5821,5
5822,5
5823,5
5824,4
5825,1
5826,4
5827,4
5828,5
5829,5
5830,5
5831,4
5832,4
5833,3
5834,4
5835,1
5836,3
5837,4
5838,4
5839,4
5840,4
5841,4
5842,5
5843,4
5844,3
5845,5
5846,5
5847,5
5848,3
5849,2
5850,5
5851,5
5852,2
5853,4
5854,5
5855,3
5856,2
5857,5
5858,5
5859,5
5860,2
5861,5
5862,4
5863,5
5864,5
5865,2
5866,4
5867,4
5868,2
5869,2
5870,4
5871,3
5872,5
5873,4
5874,2
5875,3
5876,3
5877,4
5878,5
5879,2
5880,5
5881,2
5882,4
5883,1
5884,4
5885,2
5886,4
5887,4
5888,4
5889,3
5890,5
5891,5
5892,3
5893,5
5894,5
5895,5
5896,4
5897,4
5898,5
5899,4
5900,4
5901,4
5902,5
5903,4
5904,4
5905,1
5906,4
5907,2
5908,4
5909,5
5910,4
5911,2
5912,4
5913,5
5914,5
5915,4
5916,5
5917,5
5918,3
5919,4
5920,4
5921,5
5922,5
5923,4
5924,5
5925,5
5926,1
5927,3
5928,5
5929,5
5930,4
5931,5
5932,5
5933,5
5934,5
5935,5
5936,5
5937,5
5938,5
5939,4
5940,5
5941,4
5942,5
5943,2
5944,4
5945,5
5946,5
5947,3
5948,1
5949,4
5950,2
5951,3
5952,5
5953,4
5954,1
5955,5
5956,5
5957,5
5958,1
5959,5
5960,4
5961,3
5962,5
5963,2
5964,5
5965,4
5966,5
5967,5
5968,5
5969,5
5970,5
5971,4
5972,4
5973,2
5974,5
5975,1
5976,5
5977,4
5978,5
5979,4
5980,5
5981,5
5982,5
5983,5
5984,5
5985,5
5986,4
5987,3
5988,4
5989,3
5990,4
5991,5
5992,4
5993,2
5994,3
5995,5
5996,3
5997,4
5998,4
5999,3
6000,5
6001,4
6002,5
6003,5
6004,2
6005,4
6006,5
6007,5
6008,3
6009,4
6010,2
6011,5
6012,4
6013,5
6014,4
6015,5
6016,5
6017,4
6018,3
6019,2
6020,5
6021,5
6022,5
6023,5
6024,5
6025,4
6026,4
6027,3
6028,4
6029,5
6030,2
6031,5
6032,5
6033,4
6034,1
6035,5
6036,4
6037,4
6038,1
6039,5
6040,5
6041,5
6042,4
6043,5
6044,5
6045,2
6046,5
6047,4
6048,4
6049,5
6050,4
6051,2
6052,5
6053,3
6054,5
6055,3
6056,5
6057,1
6058,4
6059,3
6060,5
6061,4
6062,4
6063,5
6064,4
6065,5
6066,1
6067,2
6068,4
6069,5
6070,3
6071,5
6072,4
6073,5
6074,1
6075,4
6076,5
6077,4
6078,3
6079,3
6080,5
6081,5
6082,5
6083,4
6084,2
6085,4
6086,4
6087,2
6088,2
6089,4
6090,2
6091,1
6092,4
6093,4
6094,5
6095,4
6096,5
6097,2
6098,4
6099,4
6100,5
6101,5
6102,5
6103,5
6104,4
6105,5
6106,4
6107,5
6108,4
6109,5
6110,4
6111,4
6112,5
6113,4
6114,5
6115,5
6116,4
6117,5
6118,3
6119,4
6120,5
6121,5
6122,4
6123,4
6124,5
6125,5
6126,4
6127,5
6128,4
6129,4
6130,4
6131,5
6132,5
6133,3
6134,5
6135,5
6136,5
6137,5
6138,4
6139,5
6140,5
6141,2
6142,2
6143,5
6144,5
6145,4
6146,3
6147,3